{"butter": [0.01754881038466287, "g"], "can green chile peppers": [0.0014366134403524836, "g"], "can condensed cream of chicken soup": [0.016108455763476137, "g"], "all-purpose flour": [0.003668495035185806, "g"], "boneless": [0.00753981551702852, "g"], "black pepper": [0.04185846899122266, "g"], "cheddar cheese": [0.014418243708001906, "g"], "cumin": [0.0583196646619282, "g"], "cooked chicken breast": [0.015450007936647912, "g"], "chicken broth": [0.004872219968606148, "g"], "dry potato flakes": [0.6593884665808334, "g"], "chicken wings": [0.004927743842892259, "g"], "chili powder": [0.021536731002506415, "g"], "cornstarch": [0.02568387449514101, "g"], "egg": [6.94, "each"], "flour tortillas": [7.96, "each"], "ginger": [0.03474488086209633, "g"], "garlic": [0.03685679799896981, "g"], "fish sauce": [0.02240931555247517, "g"], "garam masala": [0.14939572541480656, "g"], "ginger garlic paste": [0.01855714285714286, "g"], "glutinous sweet rice": [0.007718667037977963, "g"], "garlic powder": [0.03357812578433753, "g"], "green onion": [0.04030053440095945, "g"], "lemon juice": [0.0018230186984381583, "g"], "lemon": [8.97, "each"], "margarine": [0.029630152207269972, "g"], "half-and-half": [0.004938358701211662, "g"], "milk": [0.002612666770495758, "g"], "oil": [0.0027967042566261462, "g"], "olive oil": [0.01563402847740276, "g"], "plain yogurt": [0.005489514806257607, "g"], "onion": [0.024239845499920632, "g"], "peanut oil": [0.02056179709224737, "g"], "pinch salt and black pepper": [0.023352274871009937, "g"], "salt": [0.0010310858826705668, "g"], "saltine crackers": [0.029718337184077324, "g"], "paprika": [0.11845093181036791, "g"], "salt and pepper": [0.029517275436956564, "g"], "shallot": [0.017401835423317285, "g"], "seasoned salt": [0.009083052611157164, "g"], "seasoned bread crumbs": [0.029065768355702924, "g"], "skinless": [0.005963509056597118, "g"], "sour cream": [0.004144693909945501, "g"], "tomato puree": [0.0026273041366052193, "g"], "water": [0.013965805585381847, "g"], "vegetable oil": [0.00405768678039461, "g"], "white onion": [0.72, "each"], "apple cider vinegar": [0.010017414239099194, "g"], "boneless pork shoulder": [0.005902881885042065, "g"], "celery": [1.86, "each"], "coriander": [0.02860399974987534, "g"], "day-old french bread cubes": [0.0, "g"], "barbeque sauce": [0.01428596624279088, "g"], "freshly black pepper": [0.02407498055352602, "g"], "hamburger buns": [5.92, "each"], "hickory chips": [0.0, "g"], "light brown sugar": [0.0062023433687836945, "g"], "onion powder": [0.029996779512421794, "g"], "kosher salt": [0.005379283585248417, "g"], "dried thyme": [0.0, "g"], "pickled red onions": [0.011560180567061727, "g"], "packed cilantro leaves": [0.0, "g"], "pork shoulder roast": [0.0087977482744275, "g"], "poblano chile pepper": [0.005820208469285173, "g"], "chicken stock": [0.0032848903860738287, "g"], "jalapeño chile peppers": [0.006706454539818869, "g"], "pork chops": [0.02438944501414739, "g"], "tomatillos": [0.0, "g"], "yellow mustard": [0.007760277959046897, "g"], "yukon gold potatoes": [0.0020547099596112807, "g"], "poultry seasoning": [0.033478223922499835, "g"], "white sugar": [0.0037368383922115034, "g"], "thick-cut boneless or bone-in pork chops": [55.99, "each"], "yellow onion": [0.78, "each"], "quart apple cider": [0.0023881177405447444, "g"], "worcestershire sauce": [0.03151470066106481, "g"], "tofu": [0.004894266212807987, "g"], "bacon": [0.02869465111084383, "g"], "salmon": [0.025617423049851783, "g"], "parmesan cheese": [0.010758567170496836, "g"], "shrimp": [0.01629546013690502, "g"], "cream cheese": [0.021869874248223075, "g"], "soy sauce": [0.006843154200250444, "g"], "ground beef": [0.009894354397784794, "g"], "ketchup": [0.007760277959046897, "g"], "pork loin": [0.010053087356038024, "g"], "chicken breast": [0.015450007936647912, "g"], "carrot": [0.005546530955055462, "g"], "tomato": [0.023236741388737013, "g"], "lettuce": [1.48, "each"], "cucumber": [0.64, "each"], "apple": [0.002292809396991129, "g"], "orange": [0.003219686249660941, "g"], "broccoli": [0.00873031270392776, "g"], "potato": [0.012264495235976213, "g"], "lime": [0.2, "each"], "rice": [0.0029012857369618513, "g"], "strawberry": [0.03206405756715286, "g"], "spinach": [0.0, "g"], "canned tomatoes": [0.005761418484746939, "g"], "oats": [0.011640416938570345, "g"], "spaghetti": [0.008863148301903389, "g"], "black beans": [0.00291598323309641, "g"], "coconut milk": [0.008160174518932379, "g"], "oregano": [0.06175742464440678, "g"], "cinnamon": [0.044312950845693935, "g"], "banana": [0.0, "g"], "bread": [0.006948976172419266, "g"], "mayonnaise": [0.005843724463100466, "g"], "yogurt": [0.023560363614945127, "g"], "bell pepper": [0.0, "g"], "flour": [0.003668495035185806, "g"], "cayenne pepper": [0.0, "g"], "baking powder": [0.05064022293162137, "g"], "beer": [0.054299739068197315, "g"], "jalapeño pepper": [0.004987573334235041, "g"], "capers": [0.024853331529916988, "g"], "dried oregano": [0.10490000000000001, "g"], "dried dill weed": [0.5281020325377369, "g"], "quart oil": [0.0, "g"], "cod fillets": [0.017592902873066547, "g"], "package corn tortillas": [4.17, "each"], "head cabbage": [2.98, "each"], "mushrooms": [0.0, "g"], "stalk celery": [1.86, "each"], "potatoes": [0.012264495235976213, "g"], "cod": [0.0, "g"], "clam juice": [0.0, "g"], "old bay seasoning": [0.0, "g"], "salt and black pepper": [0.0, "g"], "cans evaporated milk": [0.00505593867028813, "g"], "cooked crumbled bacon": [0.04044750936230504, "g"], "dry mustard": [0.1584390083305408, "g"], "white pepper": [0.0881849768073511, "g"], "fillets trout": [0.03303185088203861, "g"], "canola oil": [0.00405768678039461, "g"], "dijon mustard": [0.017107885500626113, "g"], "white fish fillets": [0.00961216247200127, "g"], "ginger root": [0.07740284603981261, "g"], "cashew halves": [0.017447058488346694, "g"], "turmeric": [0.0, "g"], "vegetable broth": [0.019753434804846648, "g"], "cilantro": [0.5281020325377369, "g"]}